subject_id,speech_rate,speech_rate_ratio,verbal_fluency,lexical_richness,word_repetition_score,voice_fluency_pauses,voice_fluency_weighted,pause_level1_count,pause_level2_count,pause_level3_count,total_pause_time,total_speaking_time
0001,0.5851,0.94,27,24,0.0417,6,10,5,0,1,28.45,17.69
0002,0.4989,1.0,21,20,0.05,5,5,5,0,0,12.14,29.95
0003,0.1733,0.83,10,9,0.1111,8,20,3,4,1,52.17,5.52
0004,0.5032,0.92,23,22,0.0455,5,9,3,2,0,24.84,20.88
0005,0.4467,1.0,24,20,0.2,8,16,5,2,1,36.71,17.02
0006,0.2438,1.0,14,13,0.0769,4,10,2,1,1,45.9,11.53
0007,0.5913,0.95,29,23,0.2609,5,11,3,1,1,27.73,21.32
0008,0.2796,0.88,15,13,0.1538,8,16,5,2,1,44.53,9.12
0009,0.2268,0.9,13,12,0.0833,11,17,9,1,1,47.49,9.83
0010,1.2031,0.97,57,31,0.4839,3,3,3,0,0,10.77,36.6
0011,0.5095,0.95,26,22,0.1364,8,12,6,2,0,31.27,19.75
0012,0.5489,0.94,26,24,0.0833,6,10,4,2,0,27.56,19.81
0013,0.7345,0.95,29,28,0.0357,5,5,5,0,0,13.06,26.42
0014,0.2977,1.0,17,17,0.0,6,16,3,1,2,43.83,13.27
0015,0.5126,1.0,25,24,0.0417,7,9,6,1,0,23.64,25.13
0016,0.6511,0.96,31,26,0.1538,5,7,4,1,0,19.37,28.25
0017,0.8025,1.0,38,25,0.36,6,8,5,1,0,21.93,25.43
0018,0.6697,0.95,32,19,0.5263,6,12,3,3,0,29.75,18.03
0019,0.3075,1.0,15,14,0.0714,11,13,10,1,0,36.07,12.7
0020,0.5789,1.0,31,26,0.1538,10,10,10,0,0,30.6,22.95
0021,1.1014,1.0,51,42,0.1905,4,4,4,0,0,12.8,33.5
0022,0.7302,0.96,34,25,0.24,6,6,6,0,0,17.16,29.4
0023,1.1338,1.0,38,36,0.0556,1,1,1,0,0,2.5,31.01
0024,0.5141,1.0,26,23,0.087,7,9,6,1,0,24.86,25.72
0025,0.733,1.0,35,34,0.0294,6,6,6,0,0,18.41,29.34
0026,0.2194,1.0,12,12,0.0,7,17,4,1,2,43.79,10.9
0027,0.6889,0.94,33,30,0.1,8,10,7,1,0,27.52,20.38
0028,0.8502,0.96,36,30,0.1333,7,7,7,0,0,23.97,18.37
0029,0.597,1.0,29,29,0.0,8,10,7,1,0,28.47,20.11
0030,0.6528,0.94,31,27,0.1111,7,11,6,0,1,26.24,21.25
0031,0.3074,0.89,17,17,0.0,8,18,3,5,0,42.67,12.62
0032,0.1769,1.0,10,8,0.125,6,20,2,1,3,52.02,4.5
0033,0.5452,1.0,29,28,0.0357,8,10,7,1,0,26.24,26.96
0034,0.4907,0.95,24,22,0.0909,6,10,4,2,0,27.56,21.35
0035,0.4041,0.92,21,21,0.0,9,13,7,2,0,35.0,16.97
0036,1.386,1.0,60,47,0.1915,1,1,1,0,0,2.69,40.6
0037,0.2838,0.87,15,15,0.0,7,17,4,1,2,42.22,10.64
0038,0.2331,0.88,13,12,0.0833,7,19,2,4,1,47.31,8.46
0039,0.2918,1.0,14,14,0.0,5,11,3,1,1,33.26,14.72
0040,0.6321,1.0,30,26,0.1154,7,11,5,2,0,23.93,23.53
0041,0.8006,0.96,42,23,0.1739,5,7,4,1,0,19.55,32.91
0042,0.4336,1.0,22,21,0.0476,6,12,4,1,1,38.01,12.73
0043,0.8419,0.96,41,36,0.1111,4,4,4,0,0,13.18,35.52
0044,0.169,0.8,9,8,0.125,6,18,3,0,3,49.81,3.44
0045,0.4267,1.0,22,22,0.0,8,12,7,0,1,33.93,17.63
0046,0.761,0.96,40,33,0.1818,7,11,5,2,0,33.86,18.7
0047,0.4723,0.92,25,24,0.0417,8,14,5,3,0,35.53,17.41
0048,0.275,1.0,14,13,0.0769,4,10,2,1,1,35.06,15.85
0049,0.3753,1.0,19,19,0.0,5,15,2,1,2,38.55,12.07
0050,0.5003,0.93,25,23,0.087,8,12,6,2,0,33.64,16.33
0051,0.4826,0.94,23,21,0.0952,8,10,7,1,0,25.87,21.79
0052,0.437,1.0,21,15,0.3333,8,14,5,3,0,32.31,15.74
0053,0.682,0.95,33,27,0.2222,6,10,4,2,0,25.15,23.23
0054,0.323,1.0,17,13,0.2308,7,15,4,2,1,39.05,13.58
0055,0.3963,0.91,20,20,0.0,6,12,4,1,1,33.34,17.13
0056,0.5843,1.0,31,27,0.1481,7,13,5,1,1,35.69,17.37
0057,0.3687,0.91,21,20,0.05,7,15,4,2,1,43.03,13.93
0058,0.334,0.9,17,16,0.0625,10,16,8,1,1,40.47,10.42
0059,0.8317,0.97,40,35,0.1429,4,6,3,1,0,13.84,34.25
0060,0.5553,0.94,28,27,0.037,5,15,2,1,2,37.45,12.97
0061,0.4289,0.96,24,24,0.0,8,12,6,2,0,29.1,26.85
0062,0.3925,1.0,20,20,0.0,9,17,6,2,1,39.59,11.36
0063,0.958,1.0,46,32,0.2812,5,9,3,2,0,20.98,27.03
0064,0.3668,0.94,18,17,0.0588,6,8,5,1,0,25.59,23.49
0065,0.4033,1.0,21,20,0.05,6,14,3,2,1,35.42,16.65
0066,1.3208,0.97,51,39,0.1538,1,1,1,0,0,2.19,36.43
0067,0.5078,1.0,26,25,0.04,9,11,8,1,0,28.59,22.61
0068,0.3284,1.0,16,14,0.1429,7,11,5,2,0,35.21,13.5
0069,0.6339,1.0,32,26,0.1538,7,13,5,1,1,32.13,18.35
0070,0.4646,0.94,24,23,0.0435,10,12,9,1,0,31.04,20.62
0071,0.7266,1.0,33,29,0.1034,6,6,6,0,0,16.81,28.6
0072,0.3325,1.0,18,18,0.0,9,13,7,2,0,37.54,16.6
0073,0.6013,1.0,32,32,0.0,5,9,3,2,0,21.87,31.35
0074,0.341,1.0,16,16,0.0,7,15,4,2,1,37.16,9.76
0075,0.3242,1.0,18,15,0.2,8,18,5,1,2,44.2,11.32
0076,0.6351,1.0,33,29,0.1379,7,9,6,1,0,23.69,28.27
0077,0.529,0.94,25,22,0.1364,8,8,8,0,0,25.12,22.13
0078,1.1881,1.0,45,31,0.2581,3,3,3,0,0,6.79,31.09
0079,0.8276,0.96,35,31,0.0968,5,5,5,0,0,13.47,28.82
0080,0.9626,1.0,42,37,0.1081,5,5,5,0,0,13.83,29.8
0081,0.7666,1.0,36,24,0.0833,5,7,4,1,0,18.59,28.37
0082,0.4246,0.91,21,16,0.25,7,11,5,2,0,37.31,12.14
0083,0.6203,0.95,33,28,0.1786,9,13,7,2,0,33.18,20.01
0084,0.5348,1.0,27,22,0.1364,10,14,8,2,0,32.44,18.05
0085,0.4739,1.0,23,20,0.1,8,10,7,1,0,32.46,16.07
0086,0.3106,0.89,17,17,0.0,10,16,8,1,1,41.67,13.06
0087,0.42,0.92,23,18,0.0556,7,15,3,4,0,36.79,17.97
0088,0.3199,0.92,16,15,0.0667,5,13,3,0,2,33.12,16.89
0089,0.4863,0.92,25,25,0.0,8,14,6,1,1,35.33,16.08
0090,0.1976,0.83,11,11,0.0,6,18,2,2,2,46.91,8.76
0091,0.4949,1.0,28,23,0.2174,8,14,6,1,1,40.66,15.92
0092,0.3581,1.0,17,17,0.0,7,15,3,4,0,35.67,11.8
0093,0.3731,1.0,20,20,0.0,3,11,0,2,1,33.14,20.47
0094,0.7247,1.0,31,26,0.1538,5,7,4,1,0,19.07,23.71
0095,0.6115,0.96,31,24,0.125,9,9,9,0,0,26.75,23.94
0096,0.5638,1.0,32,27,0.1481,9,15,6,3,0,38.85,17.91
0097,0.2486,0.86,13,13,0.0,8,14,6,1,1,41.98,10.32
0098,0.2621,0.86,13,13,0.0,5,13,2,2,1,42.77,6.82
0099,0.7216,1.0,37,36,0.0278,6,6,6,0,0,16.76,34.52
0100,0.4908,0.93,26,24,0.0833,7,15,5,0,2,41.78,11.2
0101,0.7683,1.0,29,26,0.1154,3,3,3,0,0,8.05,29.69
0102,0.5482,1.0,24,23,0.0435,6,8,5,1,0,22.73,21.05
0103,0.4881,1.0,24,24,0.0,7,11,5,2,0,29.3,19.87
0104,0.9016,1.0,43,37,0.1622,6,6,6,0,0,14.68,33.01
0105,0.494,1.0,25,18,0.2778,7,7,7,0,0,21.71,28.9
0106,1.281,1.0,57,55,0.0364,2,2,2,0,0,5.02,39.47
0107,0.5767,1.0,30,24,0.25,7,13,5,1,1,33.17,18.85
0108,0.2645,1.0,14,11,0.1818,8,18,4,3,1,45.5,7.44
0109,0.418,0.92,23,19,0.2105,8,14,5,3,0,42.06,12.96
0110,0.2895,0.88,15,13,0.1538,7,17,3,3,1,40.84,10.97
0111,0.4241,1.0,22,20,0.1,8,16,4,4,0,36.55,15.33
0112,0.5163,1.0,25,21,0.0952,9,11,8,1,0,28.35,20.07
0113,0.4301,0.92,20,19,0.0526,8,14,5,3,0,31.52,14.99
0114,1.0924,1.0,55,38,0.1842,5,7,4,1,0,20.52,29.83
0115,0.3073,1.0,18,18,0.0,7,17,4,1,2,44.63,13.95
0116,0.2887,0.92,15,14,0.0714,5,13,2,2,1,36.25,15.71
0117,0.6168,0.96,31,26,0.1154,7,13,4,3,0,29.76,20.51
0118,0.2249,1.0,12,12,0.0,7,19,3,2,2,46.69,6.66
0119,0.3192,1.0,14,12,0.1667,4,12,1,2,1,36.82,7.03
0120,0.5293,1.0,26,25,0.04,4,8,2,2,0,19.98,29.14
0121,0.641,1.0,31,29,0.0345,8,12,6,2,0,28.09,20.27
0122,0.8677,0.97,42,31,0.2581,7,9,6,1,0,25.38,23.02
0123,1.5056,0.98,73,32,0.1562,6,10,4,2,0,23.38,25.11
0124,0.4063,1.0,20,19,0.0526,8,16,5,2,1,39.19,10.03
0125,0.8374,0.96,37,37,0.0,2,4,1,1,0,8.16,36.02
0126,0.4825,0.96,26,19,0.2632,7,9,6,1,0,27.95,25.93
0127,0.7695,1.0,37,32,0.125,6,10,4,2,0,22.83,25.26
0128,0.9815,1.0,50,50,0.0,2,2,2,0,0,4.27,46.67
0129,0.4483,1.0,21,18,0.1667,9,13,7,2,0,34.02,12.82
0130,0.5128,1.0,26,22,0.1818,6,12,4,1,1,33.55,17.15
0131,0.2251,1.0,12,12,0.0,5,17,2,0,3,45.09,8.22
0132,0.3765,1.0,21,19,0.1053,10,18,6,4,0,46.03,9.74
0133,0.539,0.95,24,20,0.15,8,8,8,0,0,25.32,19.2
0134,0.8902,1.0,47,29,0.3793,8,10,7,1,0,28.47,24.33
0135,0.9158,1.0,39,31,0.2258,4,6,3,1,0,17.55,25.03
0136,0.1697,1.0,10,10,0.0,8,20,4,2,2,53.16,5.78
0137,0.7406,0.96,36,27,0.1852,6,6,6,0,0,21.37,27.25
0138,0.4915,1.0,25,25,0.0,7,13,4,3,0,31.96,18.91
0139,0.8262,0.95,41,35,0.1714,6,8,5,1,0,23.9,25.72
0140,0.877,0.97,43,30,0.2333,4,4,4,0,0,11.16,37.87
0141,0.2936,0.89,16,15,0.0667,8,16,5,2,1,40.57,13.92
0142,0.2208,1.0,12,10,0.1,9,21,5,2,2,47.72,6.64
0143,0.438,1.0,20,20,0.0,7,13,5,1,1,30.76,14.91
0144,0.4454,1.0,23,21,0.0952,9,15,6,3,0,37.84,13.8
0145,0.6741,0.96,36,27,0.1852,4,12,2,0,2,39.49,13.91
0146,0.8212,0.96,41,27,0.3333,6,8,5,1,0,18.45,31.48
0147,0.4661,0.92,24,20,0.2,9,15,6,3,0,38.35,13.15
0148,0.3298,0.89,17,16,0.0625,5,13,2,2,1,35.84,15.71
0149,0.2809,0.92,14,13,0.0769,4,8,3,0,1,35.17,14.66
0150,0.3879,1.0,19,18,0.0556,7,13,4,3,0,32.82,16.17
0151,0.4286,1.0,22,21,0.0476,6,16,2,3,1,36.5,14.83
0152,0.4689,1.0,24,23,0.0435,6,12,3,3,0,31.41,19.77
0153,0.3083,1.0,16,13,0.2308,9,15,6,3,0,39.56,12.33
0154,0.5597,0.93,27,25,0.08,7,13,4,3,0,30.75,17.49
0155,0.7461,0.96,36,31,0.1613,6,6,6,0,0,17.78,30.47
0156,0.437,1.0,21,20,0.05,5,11,3,1,1,29.78,18.27
0157,0.5636,0.94,31,30,0.0333,8,14,5,3,0,35.95,19.05
0158,0.6292,1.0,28,27,0.037,3,7,2,0,1,22.71,21.8
0159,0.3305,1.0,17,17,0.0,8,16,4,4,0,42.31,9.12
0160,0.2205,1.0,12,12,0.0,9,19,5,3,1,46.87,7.56
0161,0.635,0.95,23,22,0.0455,5,5,5,0,0,13.97,22.25
0162,0.5923,1.0,32,18,0.3889,7,13,4,3,0,36.92,17.1
0163,0.9384,0.96,39,34,0.1471,4,4,4,0,0,11.05,30.51
0164,0.411,0.92,22,21,0.0476,7,17,4,1,2,42.01,11.52
0165,0.8882,0.97,43,36,0.1389,2,2,2,0,0,4.92,43.5
0166,0.3478,0.94,19,18,0.0556,4,10,2,1,1,35.36,19.27
0167,0.4506,0.92,24,23,0.0435,8,16,4,4,0,38.36,14.91
0168,0.1467,1.0,8,8,0.0,4,8,3,0,1,50.53,4.0
0169,0.8203,0.95,35,34,0.0294,4,6,3,1,0,16.11,26.56
0170,0.3862,0.91,21,18,0.1667,7,17,4,1,2,39.23,15.15
0171,0.4593,0.93,24,24,0.0,6,10,4,2,0,30.98,21.28
0172,0.3485,0.9,19,19,0.0,7,15,5,0,2,41.85,12.66
0173,0.6972,1.0,35,29,0.1724,8,10,7,1,0,31.6,18.61
0174,0.2086,0.89,12,10,0.2,8,16,5,2,1,47.07,10.46
0175,0.416,1.0,22,22,0.0,10,12,9,1,0,33.84,19.05
0176,0.2179,1.0,12,12,0.0,8,18,3,5,0,44.16,10.92
0177,0.3926,1.0,22,21,0.0476,11,15,9,2,0,40.09,15.95
0178,0.6271,1.0,28,26,0.0769,5,7,4,1,0,23.22,21.43
0179,0.2609,1.0,14,14,0.0,5,15,2,1,2,44.01,9.65
0180,0.6704,1.0,29,26,0.1154,8,10,7,1,0,25.91,17.34
0181,0.483,1.0,24,19,0.2632,8,14,5,3,0,34.66,15.02
0182,0.5304,0.94,26,25,0.04,8,14,5,3,0,28.83,20.19
0183,0.9528,0.96,47,43,0.0698,4,6,3,1,0,16.6,32.72
0184,0.5301,1.0,23,21,0.0952,5,7,4,1,0,15.77,27.61
0185,0.5046,1.0,26,25,0.04,8,12,6,2,0,32.94,18.59
0186,0.436,0.92,21,21,0.0,7,15,4,2,1,37.74,10.42
0187,0.3904,0.93,19,17,0.0588,9,13,7,2,0,32.84,15.82
0188,0.4562,1.0,24,22,0.0909,7,17,3,3,1,39.02,13.59
0189,0.1556,1.0,9,8,0.125,9,23,3,5,1,51.26,6.6
0190,0.9297,0.97,46,42,0.0952,5,9,3,2,0,20.87,28.61
0191,0.5137,1.0,24,24,0.0,7,11,5,2,0,28.83,17.89
0192,0.3841,0.92,21,19,0.1053,7,15,4,2,1,41.07,13.6
0193,0.4223,0.94,24,15,0.1333,6,14,3,2,1,41.71,15.13
0194,0.6937,0.94,30,29,0.0345,4,8,2,2,0,22.48,20.77
0195,0.4925,0.92,23,19,0.2105,6,12,4,1,1,37.04,9.67
0196,0.3954,1.0,22,21,0.0476,10,16,7,3,0,39.1,16.55
0197,0.8954,0.97,42,36,0.1111,4,6,3,1,0,13.12,33.79
0198,0.7294,0.94,31,29,0.069,5,9,3,2,0,19.16,23.34
0199,0.5988,0.96,30,26,0.1538,8,10,7,1,0,26.77,23.33
0200,0.3482,0.91,19,18,0.0556,7,17,3,3,1,42.6,11.98
0201,0.4846,1.0,22,22,0.0,3,11,0,2,1,27.63,17.77
0202,0.2099,0.86,12,12,0.0,5,15,2,1,2,50.34,6.83
0203,0.3274,1.0,18,18,0.0,7,15,4,2,1,41.41,13.57
0204,1.222,0.97,59,34,0.4412,6,6,6,0,0,15.98,32.3
0205,0.7689,1.0,33,32,0.0312,5,7,4,1,0,20.25,22.67
0206,0.6677,0.97,34,24,0.2917,4,8,2,2,0,22.02,28.9
0207,0.6079,1.0,28,24,0.1667,7,9,6,1,0,23.06,23.0
0208,0.7494,1.0,36,33,0.0909,3,3,3,0,0,6.82,41.21
0209,0.859,1.0,35,33,0.0606,2,4,1,1,0,8.83,31.91
0210,0.2004,0.83,10,10,0.0,4,12,1,2,1,44.05,5.86
0211,0.7913,1.0,33,23,0.2609,4,6,3,1,0,14.07,27.64
0212,0.4638,1.0,24,23,0.0435,7,15,3,4,0,34.24,17.51
0213,0.5908,0.94,32,32,0.0,5,13,2,2,1,34.11,20.06
0214,0.4055,0.92,20,19,0.0526,4,14,1,1,2,35.93,13.39
0215,0.4896,0.92,25,24,0.0417,5,15,1,3,1,30.74,20.33
0216,0.5337,1.0,25,24,0.0417,7,11,6,0,1,32.2,14.65
0217,0.2265,1.0,11,11,0.0,5,15,1,3,1,41.28,7.28
0218,0.1403,1.0,8,7,0.1429,7,23,1,4,2,53.5,3.54
0220,0.4581,0.93,23,23,0.0,12,14,11,1,0,42.32,7.89
0221,0.9081,0.97,41,22,0.7727,5,7,4,1,0,15.22,29.93
0222,0.5497,0.94,29,25,0.16,4,10,2,1,1,32.32,20.43
0223,1.6745,0.98,88,41,0.3171,0,0,0,0,0,0.0,52.55
0224,0.8228,1.0,38,35,0.0571,4,8,2,2,0,21.88,24.3
0225,0.4465,1.0,22,19,0.1579,10,12,9,1,0,30.89,18.38
0226,0.552,0.93,23,22,0.0455,6,10,4,2,0,22.92,18.74
0227,0.65,1.0,32,30,0.0667,6,10,4,2,0,26.41,22.82
0228,0.9165,0.96,32,24,0.2083,4,4,4,0,0,10.15,24.77
0229,0.975,1.0,48,32,0.1875,6,8,5,1,0,20.93,28.3
0230,0.3691,0.92,20,18,0.1111,9,15,6,3,0,41.33,12.87
0231,0.5118,0.93,25,24,0.0417,8,12,6,2,0,32.24,16.61
0232,0.3358,0.9,18,16,0.125,7,15,4,2,1,42.43,11.18
0233,0.6644,0.96,30,26,0.1538,5,5,5,0,0,14.38,30.77
0234,0.7621,0.96,35,24,0.25,3,7,2,0,1,18.71,27.21
0235,0.2518,1.0,14,14,0.0,9,17,6,2,1,45.32,10.28
0236,0.4302,1.0,22,19,0.1579,8,12,6,2,0,38.4,12.75
0237,0.4417,1.0,21,21,0.0,7,15,4,2,1,36.4,11.14
0238,0.604,1.0,29,16,0.3125,5,11,3,1,1,27.2,20.81
0239,0.2639,1.0,14,14,0.0,4,12,2,0,2,42.34,10.71
0240,0.1857,0.83,10,10,0.0,2,6,1,0,1,46.17,7.68
0241,0.4549,0.92,23,23,0.0,8,16,4,4,0,34.92,15.64
0242,0.4558,0.94,25,23,0.087,8,14,6,1,1,38.29,16.55
0243,0.7596,1.0,30,28,0.0714,3,3,3,0,0,8.69,30.8
0244,0.3492,0.89,17,17,0.0,6,14,3,2,1,36.58,12.1
0245,0.7296,0.96,34,26,0.1923,5,9,3,2,0,26.98,19.62
0246,0.2985,1.0,17,17,0.0,5,17,1,2,2,50.79,6.16
0247,0.451,1.0,22,19,0.1579,6,12,4,1,1,36.83,11.95
0248,0.2775,1.0,16,9,0.3333,6,14,4,0,2,45.93,11.74
0249,0.2229,1.0,12,12,0.0,6,18,2,2,2,44.61,9.22
0250,0.2104,1.0,12,12,0.0,7,19,2,4,1,45.34,11.69
0251,0.453,0.95,23,21,0.0952,6,12,4,1,1,36.74,14.02
0252,0.3232,1.0,19,13,0.2308,5,17,2,0,3,49.91,8.87
0253,0.6547,0.96,33,23,0.2609,9,13,7,2,0,32.23,18.18
0254,0.4406,0.93,22,18,0.2222,8,14,6,1,1,34.79,15.14
0255,0.2836,1.0,16,15,0.0667,12,14,11,1,0,41.31,15.11
0256,0.4273,1.0,21,20,0.05,5,9,3,2,0,26.1,23.05
0257,0.4768,1.0,25,21,0.1905,5,13,2,2,1,37.96,14.47
0258,0.7083,1.0,35,29,0.1724,7,11,5,2,0,29.06,20.35
0259,0.2231,0.86,13,13,0.0,8,20,2,6,0,51.32,6.96
0260,1.0025,0.97,51,35,0.4,3,5,2,1,0,15.36,35.51
0261,0.7818,1.0,38,34,0.0588,5,7,4,1,0,19.37,29.23
0262,0.7634,1.0,35,28,0.25,7,9,6,1,0,20.35,25.5
0263,0.8593,0.96,39,32,0.1875,4,6,3,1,0,16.66,28.73
0264,0.2486,1.0,14,14,0.0,6,14,3,2,1,47.19,9.13
0265,0.4042,1.0,21,18,0.1111,9,13,7,2,0,35.27,16.69
0266,0.5536,0.94,25,24,0.0417,5,9,3,2,0,26.02,19.13
0267,0.4981,0.94,25,24,0.0417,9,13,7,2,0,34.34,15.85
0268,1.2361,0.98,63,54,0.1296,0,0,0,0,0,0.0,50.97
0269,0.4798,0.97,23,20,0.1,2,2,2,0,0,4.38,43.56
0270,0.5784,1.0,29,29,0.0,7,11,5,2,0,30.81,19.33
0271,0.7731,0.96,34,30,0.1,5,7,4,1,0,16.61,27.36
0272,0.4496,0.93,24,22,0.0909,10,12,9,1,0,35.69,17.69
0273,0.7677,0.97,31,30,0.0333,2,2,2,0,0,4.73,35.65
0274,0.4983,1.0,24,23,0.0435,5,9,4,0,1,22.29,25.87
0275,0.2386,0.88,13,12,0.0833,6,18,1,4,1,46.08,8.4
0276,0.4456,1.0,21,20,0.05,6,12,4,1,1,33.22,13.9
0277,0.384,1.0,20,19,0.0526,8,12,7,0,1,35.57,16.51
0278,0.8195,1.0,39,30,0.1333,4,4,4,0,0,15.19,32.4
0279,0.2114,0.86,12,12,0.0,6,14,3,2,1,42.25,14.5
0280,0.561,0.94,29,28,0.0357,10,10,10,0,0,30.23,21.47
0281,0.5639,1.0,28,28,0.0,9,9,9,0,0,27.52,22.13
0282,0.638,0.95,30,25,0.2,6,8,5,1,0,21.33,25.7
0283,0.7914,0.96,37,29,0.2414,8,10,7,1,0,24.6,22.15
0284,0.8675,0.97,40,31,0.2581,6,8,5,1,0,20.29,25.83
0285,1.2073,1.0,56,43,0.2791,3,3,3,0,0,10.49,35.9
0286,0.6095,0.96,31,28,0.1071,6,12,3,3,0,27.08,23.79
0287,0.4402,0.93,24,22,0.0909,6,12,4,1,1,32.3,22.21
0288,0.9529,1.0,34,23,0.2174,1,1,1,0,0,3.16,32.52
0289,0.5995,0.95,35,15,0.2667,5,11,2,3,0,27.88,30.51
0290,0.7717,0.96,42,40,0.05,5,9,4,0,1,26.81,27.61
0291,0.6587,1.0,32,26,0.1154,8,12,6,2,0,30.55,18.03
0292,0.5049,1.0,24,22,0.0909,3,9,1,1,1,30.01,17.52
0293,0.2852,0.88,15,15,0.0,6,14,3,2,1,42.77,9.82
0294,0.6114,0.97,32,22,0.3182,7,9,6,1,0,21.2,31.14
0295,0.4484,0.95,21,20,0.05,7,7,7,0,0,20.24,26.59
0296,0.2474,1.0,13,13,0.0,6,12,4,1,1,42.93,9.62
0297,0.4532,0.94,24,18,0.2222,9,11,8,1,0,33.38,19.57
0298,0.9164,0.97,39,35,0.0857,4,4,4,0,0,11.68,30.88
0299,0.4774,1.0,22,22,0.0,7,11,5,2,0,33.1,12.98
0300,0.6348,0.95,30,26,0.1154,5,11,3,1,1,29.57,17.69
0301,0.4557,1.0,23,23,0.0,7,11,5,2,0,28.72,21.75
0302,0.5303,0.95,24,18,0.2222,5,5,5,0,0,16.98,28.27
0303,0.4581,1.0,22,14,0.2857,5,15,2,1,2,36.73,11.28
0304,0.7252,0.96,36,35,0.0286,6,10,4,2,0,25.92,23.72
0305,0.4649,0.95,25,14,0.5,8,12,7,0,1,38.03,15.75
0306,1.373,1.0,53,41,0.2683,1,1,1,0,0,3.06,35.54
0307,0.4037,1.0,21,12,0.0833,5,15,2,1,2,45.67,6.34
0308,0.4313,0.94,24,23,0.0435,6,12,4,1,1,34.93,20.71
0309,0.2499,0.88,12,11,0.0909,6,18,1,4,1,41.08,6.94
0310,0.6403,0.95,31,28,0.0714,9,11,8,1,0,31.38,17.03
0311,0.0706,0.71,4,4,0.0,6,12,4,1,1,53.77,2.86
0312,1.0177,0.96,40,31,0.1935,3,5,2,1,0,10.53,28.78
0313,1.094,0.98,61,37,0.2432,6,8,5,1,0,24.34,31.42
0314,0.286,1.0,15,15,0.0,6,14,3,2,1,44.31,8.14
0315,0.3172,1.0,17,17,0.0,8,14,6,1,1,41.05,12.54
0316,0.2389,1.0,12,11,0.0909,8,16,6,0,2,43.32,6.92
0317,0.5317,1.0,22,19,0.1579,7,7,7,0,0,22.61,18.77
0318,0.6414,0.94,27,26,0.0385,8,8,8,0,0,24.95,17.14
0319,0.1744,1.0,10,8,0.25,4,12,1,2,1,51.85,5.48
0320,0.1934,0.83,11,11,0.0,5,13,3,0,2,39.03,17.85
0321,0.5535,1.0,30,26,0.1538,8,12,6,2,0,35.37,18.83
0322,0.7112,0.94,26,26,0.0,3,5,2,1,0,10.62,25.93
0323,0.1948,1.0,11,9,0.2222,6,18,2,2,2,50.51,5.94
0324,0.6866,0.96,36,25,0.28,7,15,3,4,0,35.95,16.48
0325,0.4013,0.91,21,20,0.05,9,15,6,3,0,40.76,11.58
0328,0.3052,1.0,17,17,0.0,8,14,6,1,1,43.81,11.89
0329,0.8048,1.0,38,27,0.2593,5,13,2,2,1,29.87,17.35
0330,0.0916,0.67,5,4,0.25,3,11,1,0,2,45.23,9.36
0331,0.5318,0.93,26,25,0.04,7,11,6,0,1,27.38,21.51
0332,0.3966,1.0,19,17,0.1176,6,12,4,1,1,28.74,19.17
0333,0.3194,0.9,17,16,0.0625,11,15,9,2,0,41.89,11.33
0334,0.762,1.0,35,25,0.28,8,8,8,0,0,21.48,24.45
0335,0.7216,0.94,30,29,0.0345,7,7,7,0,0,17.18,24.39
0336,0.8401,0.97,36,34,0.0294,2,4,1,1,0,8.19,34.67
0337,0.3118,1.0,16,15,0.0667,9,15,7,1,1,42.59,8.72
0338,1.548,0.98,76,55,0.2182,3,3,3,0,0,8.48,40.62
0339,0.5109,1.0,27,26,0.0385,6,14,3,2,1,34.83,18.01
0340,0.5222,1.0,26,24,0.0833,8,10,7,1,0,31.02,18.77
0341,0.7048,1.0,33,31,0.0645,5,9,3,2,0,28.38,18.44
0342,0.6507,0.95,31,28,0.1071,8,8,8,0,0,24.87,22.77
0343,0.5893,0.95,30,23,0.1739,7,13,4,3,0,32.0,18.91
0344,0.5962,0.95,26,26,0.0,5,7,4,1,0,20.79,22.82
0345,0.3771,0.9,19,19,0.0,7,17,3,3,1,38.66,11.73
0346,0.3767,0.92,21,20,0.05,10,18,6,4,0,46.18,9.57
0347,0.7908,1.0,37,27,0.2222,3,9,1,1,1,21.28,25.51
0348,0.6156,0.95,32,23,0.2609,11,13,10,1,0,35.03,16.96
0349,0.5185,0.95,24,23,0.0435,8,8,8,0,0,18.27,28.01
0350,0.4582,1.0,25,23,0.087,7,15,4,2,1,38.72,15.83
0351,0.2373,0.88,14,10,0.4,9,17,6,2,1,53.56,5.44
0352,0.9704,1.0,43,35,0.2286,5,5,5,0,0,12.0,32.31
0353,0.1824,1.0,10,10,0.0,7,17,3,3,1,47.66,7.18
0354,0.6107,0.96,32,24,0.2083,7,13,4,3,0,32.5,19.9
0355,0.9314,0.96,45,45,0.0,5,9,3,2,0,21.32,26.99
0356,0.4951,1.0,22,20,0.1,7,13,5,1,1,28.99,15.44
0357,0.3254,1.0,17,12,0.3333,6,18,2,2,2,41.26,10.98
0358,0.511,0.95,27,21,0.2381,7,11,5,2,0,29.59,23.25
0359,0.3461,0.92,19,19,0.0,6,16,3,1,2,42.15,12.74
0360,0.5288,1.0,26,20,0.3,8,12,6,2,0,29.47,19.71
0361,0.5515,0.94,27,24,0.0833,7,11,5,2,0,31.22,17.74
0362,0.7238,1.0,32,28,0.1429,8,10,7,1,0,23.79,20.42
0363,0.7937,0.95,41,17,0.4118,5,13,2,2,1,35.47,16.19
0364,0.3537,0.93,18,16,0.125,5,11,3,1,1,34.0,16.89
0365,0.5419,0.93,29,24,0.125,11,13,10,1,0,35.88,17.63
0366,0.1846,1.0,10,10,0.0,5,13,2,2,1,48.48,5.69
0367,0.9149,1.0,41,31,0.2581,5,7,4,1,0,14.28,30.54
0368,0.3528,1.0,18,18,0.0,9,17,5,4,0,41.07,9.96
0369,0.3904,1.0,21,21,0.0,7,17,3,3,1,41.05,12.75
0370,0.8052,1.0,37,29,0.1724,8,8,8,0,0,21.6,24.36
0371,0.6126,0.94,30,29,0.0345,5,11,2,3,0,26.1,22.87
0372,0.3107,0.88,15,15,0.0,8,14,6,1,1,41.78,6.5
0373,0.5568,1.0,28,28,0.0,7,13,4,3,0,30.83,19.45
0374,0.3549,0.9,19,18,0.0556,5,9,4,0,1,27.06,26.48
0375,0.5578,0.95,25,22,0.1364,6,10,4,2,0,23.58,21.23
0376,0.2224,0.9,12,12,0.0,2,6,1,0,1,45.52,8.45
0377,0.3575,1.0,20,17,0.1765,6,14,2,4,0,38.57,17.37
0379,0.4961,1.0,25,21,0.1905,4,8,3,0,1,28.97,21.42
0380,0.2259,1.0,13,13,0.0,8,18,4,3,1,49.92,7.62
0381,1.1725,1.0,58,30,0.4,1,1,1,0,0,3.07,46.4
0382,0.2739,0.88,15,14,0.0714,3,15,0,0,3,42.75,12.01
0383,0.3033,1.0,16,15,0.0667,7,15,4,2,1,38.81,13.94
0384,0.5736,0.93,29,29,0.0,7,11,5,2,0,27.76,22.79
0385,0.895,1.0,38,29,0.3103,5,7,4,1,0,15.78,26.67
0386,0.4931,1.0,26,22,0.1364,10,12,9,1,0,36.47,16.26
0387,0.4776,0.93,26,26,0.0,9,13,8,0,1,40.51,13.93
0388,0.3408,1.0,19,19,0.0,9,15,7,1,1,40.44,15.31
0389,0.9532,1.0,43,28,0.0714,6,8,5,1,0,21.84,23.27
0390,0.5878,0.93,29,21,0.1905,5,15,2,1,2,31.85,17.49
0391,0.1255,0.75,7,7,0.0,1,5,0,0,1,50.9,4.89
0392,0.5915,0.94,29,27,0.0741,6,10,4,2,0,27.16,21.87
0393,0.2564,1.0,14,13,0.0769,5,11,3,1,1,43.36,11.25
0394,0.3887,1.0,19,17,0.1176,6,14,3,2,1,32.24,16.65
0395,1.7229,1.0,83,53,0.283,3,3,3,0,0,7.97,40.21
0396,0.3904,1.0,19,16,0.1875,6,16,2,3,1,35.3,13.36
0397,1.1837,0.97,59,34,0.4412,4,12,1,2,1,27.87,21.98
0398,0.1173,1.0,6,6,0.0,3,11,1,0,2,48.68,2.46
0399,0.831,0.98,47,38,0.1842,6,6,6,0,0,14.51,42.05
0400,1.0757,1.0,53,20,0.7,7,9,6,1,0,22.38,26.89
0401,0.4737,1.0,23,19,0.0526,4,12,1,2,1,29.57,18.99
0402,0.7838,1.0,33,25,0.2,4,6,3,1,0,14.63,27.47
0403,0.3346,1.0,18,18,0.0,7,15,4,2,1,42.63,11.16
0404,0.432,0.94,23,20,0.1,7,15,5,0,2,39.94,13.31
0405,0.3649,1.0,18,17,0.0588,5,13,2,2,1,38.06,11.27
0406,0.4116,0.93,22,21,0.0476,8,14,6,1,1,38.79,14.66
0407,0.5092,0.94,27,27,0.0,9,13,7,2,0,33.93,19.09
0408,0.7764,0.95,38,34,0.1176,6,8,5,1,0,25.85,23.1
0409,0.549,0.92,25,25,0.0,6,8,5,1,0,22.04,23.49
0410,0.371,0.92,20,19,0.0526,8,16,5,2,1,42.57,11.34
0411,0.2749,0.88,15,15,0.0,8,18,4,3,1,41.81,12.76
0412,0.9748,1.0,51,41,0.1951,7,7,7,0,0,19.7,32.62
0413,0.4134,0.96,18,16,0.125,5,7,4,1,0,16.47,27.07
0414,0.8221,1.0,37,37,0.0,7,7,7,0,0,18.95,26.06
0415,0.659,0.96,27,25,0.08,6,6,6,0,0,17.3,23.67
0416,1.2036,0.96,47,38,0.2105,4,4,4,0,0,10.56,28.49
0417,0.57,0.92,25,25,0.0,10,10,10,0,0,27.39,16.47
0418,0.738,1.0,39,37,0.0541,8,10,7,1,0,28.38,24.47
0419,0.3831,0.9,19,19,0.0,5,11,3,1,1,30.26,19.33
0420,1.182,1.0,55,39,0.2051,3,3,3,0,0,6.65,39.88
0421,0.2789,1.0,15,13,0.1538,5,17,1,2,2,42.33,11.45
0422,1.0455,0.97,49,37,0.1892,6,6,6,0,0,17.98,28.89
0423,1.0348,0.96,47,37,0.1081,2,2,2,0,0,7.66,37.76
0424,0.2668,0.88,15,14,0.0714,8,16,5,2,1,50.56,5.66
0425,0.7761,0.95,37,34,0.0882,7,7,7,0,0,18.57,29.1
0426,0.3473,1.0,18,16,0.125,6,14,3,2,1,39.75,12.08
0427,0.4516,0.95,26,25,0.04,6,14,3,2,1,39.67,17.89
0428,0.3299,1.0,18,17,0.0588,4,10,2,1,1,37.47,17.09
0429,0.5773,0.95,28,23,0.1739,4,8,3,0,1,22.01,26.49
0430,0.3398,1.0,17,17,0.0,7,11,5,2,0,31.98,18.05
0431,0.4674,1.0,25,23,0.087,8,12,6,2,0,30.34,23.15
0432,0.3609,0.9,19,19,0.0,10,16,7,3,0,39.72,12.92
0433,0.8383,0.97,44,37,0.1892,5,7,4,1,0,20.8,31.69
0434,0.5777,1.0,28,26,0.0769,8,12,6,2,0,28.39,20.07
0435,0.2513,0.86,13,13,0.0,4,16,0,2,2,43.79,7.94
0436,0.3945,1.0,22,20,0.1,8,14,6,1,1,39.87,15.9
0437,0.4458,1.0,24,21,0.1429,7,15,5,0,2,40.23,13.61
0438,0.5205,0.93,26,25,0.04,8,12,7,0,1,32.15,17.81
0439,0.5403,1.0,26,26,0.0,5,13,2,2,1,27.32,20.79
0440,0.4303,1.0,24,19,0.2632,11,15,9,2,0,40.41,15.36
0441,0.497,1.0,25,22,0.0909,7,13,4,3,0,34.06,16.24
0442,0.3746,1.0,20,19,0.0526,9,13,7,2,0,38.68,14.71
0443,0.3379,1.0,18,17,0.0588,5,11,3,1,1,32.18,21.09
0444,0.4465,1.0,23,23,0.0,10,12,9,1,0,37.97,13.54
0445,0.1054,1.0,6,6,0.0,2,6,1,0,1,54.26,2.68
0446,0.5116,1.0,26,24,0.0833,9,13,8,0,1,36.32,14.5
0447,0.3744,1.0,21,15,0.2,3,11,1,0,2,41.15,14.94
0448,0.8261,0.96,34,31,0.0645,3,3,3,0,0,6.69,34.46
0449,0.4327,0.92,23,22,0.0455,6,16,3,1,2,41.68,11.47
0450,1.0633,0.98,53,39,0.2564,3,3,3,0,0,10.24,39.6
0451,0.43,0.93,22,20,0.1,10,14,8,2,0,37.96,13.2
0452,0.6112,1.0,29,25,0.16,7,9,6,1,0,29.06,18.39
0453,0.4255,1.0,22,22,0.0,7,15,4,2,1,38.26,13.44
0454,0.736,0.95,33,27,0.1852,6,8,5,1,0,23.73,21.1
0456,0.222,1.0,12,12,0.0,7,17,4,1,2,44.13,9.93
0457,0.292,1.0,16,16,0.0,6,14,4,0,2,42.39,12.41
0458,0.8517,1.0,35,32,0.0938,6,6,6,0,0,17.46,23.63
0459,0.2384,1.0,13,13,0.0,7,13,5,1,1,45.83,8.7
0460,0.5121,1.0,26,24,0.0833,8,16,5,2,1,35.86,14.91
0461,0.6857,1.0,31,31,0.0,4,4,4,0,0,17.1,28.1
0462,0.7876,0.96,37,36,0.0278,7,7,7,0,0,20.61,26.37
0463,0.6434,0.94,32,32,0.0,7,13,4,3,0,33.89,15.85
0464,0.4475,1.0,24,24,0.0,7,13,5,1,1,40.56,13.07
0465,0.3621,1.0,18,15,0.2,9,11,8,1,0,33.12,16.59
0466,0.3213,0.89,17,15,0.1333,8,18,4,3,1,43.7,9.21
0467,1.0557,1.0,55,43,0.2326,1,1,1,0,0,2.4,49.7
0468,0.6565,0.95,30,27,0.1111,10,10,10,0,0,26.65,19.05
0469,0.358,1.0,20,19,0.0526,5,15,2,1,2,41.13,14.74
0470,0.5596,1.0,27,24,0.0833,7,11,5,2,0,27.44,20.81
0471,0.545,1.0,28,18,0.1111,9,13,7,2,0,34.13,17.24
0472,0.6474,1.0,32,28,0.1071,5,9,3,2,0,25.33,24.09
0473,1.0744,0.96,47,44,0.0455,3,3,3,0,0,7.56,36.18
0474,0.2917,1.0,14,12,0.1667,7,17,3,3,1,38.07,9.92
0475,0.462,1.0,24,23,0.0435,12,16,10,2,0,34.78,17.16
0476,0.4011,0.91,21,21,0.0,7,11,5,2,0,38.44,13.92
0477,0.3698,1.0,20,20,0.0,8,14,5,3,0,35.56,18.53
0478,0.0339,0.34,2,2,0.0,2,10,0,0,2,58.18,0.82
0479,0.3475,0.91,19,17,0.1176,7,17,3,3,1,43.32,11.36
0480,0.3013,1.0,17,17,0.0,9,19,5,3,1,46.71,9.7
0481,0.1578,0.8,9,7,0.1429,2,6,1,0,1,53.38,3.67
0482,0.4317,0.92,23,22,0.0455,6,16,3,1,2,40.12,13.16
0483,0.3815,1.0,18,16,0.125,7,11,5,2,0,30.57,16.61
0484,0.2676,1.0,15,15,0.0,7,13,5,1,1,44.89,11.17
0485,0.2824,1.0,15,14,0.0714,5,13,3,0,2,43.01,10.1
0486,0.8759,1.0,41,29,0.3103,6,6,6,0,0,18.99,27.82
0488,0.6039,0.94,30,26,0.1154,5,11,3,1,1,31.14,18.54
0489,0.5402,1.0,27,25,0.08,7,13,4,3,0,32.15,17.83
0490,0.2788,1.0,14,14,0.0,8,16,5,2,1,39.21,11.0
0492,0.4138,1.0,22,21,0.0476,9,17,6,2,1,42.81,10.36
0493,0.3419,0.9,19,19,0.0,2,8,0,1,1,48.28,7.28
0494,0.5537,1.0,31,21,0.2857,2,10,0,0,2,44.8,11.18
0495,0.4641,1.0,23,23,0.0,5,9,4,0,1,32.44,17.11
0496,0.4397,1.0,22,21,0.0476,7,13,4,3,0,35.3,14.74
0497,0.9921,1.0,31,28,0.0357,3,3,3,0,0,7.49,23.76
0498,0.2477,1.0,13,12,0.0833,6,14,3,2,1,43.55,8.94
0499,0.9454,1.0,44,34,0.0588,5,5,5,0,0,14.57,31.98
0500,0.4449,1.0,22,22,0.0,6,10,4,2,0,28.57,20.88
0501,0.2491,0.88,13,13,0.0,6,12,4,1,1,43.94,8.24
0502,0.2156,1.0,12,12,0.0,11,17,9,1,1,46.57,9.1
0503,1.2992,0.97,55,38,0.3158,2,4,1,1,0,9.62,32.71
0504,0.1733,1.0,10,10,0.0,6,18,3,0,3,51.03,6.69
0505,0.488,0.93,26,23,0.087,9,11,8,1,0,34.44,18.84
0507,0.3875,0.9,19,19,0.0,9,15,6,3,0,37.11,11.92
0508,0.9777,0.98,50,45,0.0667,4,4,4,0,0,12.14,39.0
0510,0.8312,1.0,40,32,0.2188,5,9,3,2,0,21.56,26.56
0511,0.9026,1.0,44,31,0.129,6,8,5,1,0,22.77,25.98
0512,0.3397,1.0,18,17,0.0588,5,13,3,0,2,37.7,15.29
0513,0.6028,1.0,34,20,0.2,9,11,8,1,0,36.69,19.72
0514,0.287,1.0,16,14,0.1429,8,18,5,1,2,49.36,6.39
0515,0.823,1.0,42,36,0.0833,5,7,4,1,0,22.1,28.94
0516,0.5628,1.0,29,22,0.2273,6,10,5,0,1,28.0,23.53
0517,0.2778,0.9,15,14,0.0714,2,6,1,0,1,47.99,6.0
0518,0.2883,0.9,16,15,0.0667,8,16,5,2,1,45.95,9.54
0519,0.2098,0.87,12,12,0.0,7,17,4,1,2,47.22,9.99
0520,0.2534,0.86,13,12,0.0833,8,14,6,1,1,44.18,7.12
0521,0.6251,0.96,32,29,0.1034,7,11,5,2,0,29.67,21.52
0522,0.4548,0.94,23,20,0.15,8,10,7,1,0,29.28,21.3
0523,0.9903,0.96,36,27,0.1852,4,4,4,0,0,12.19,24.16
0524,0.2424,1.0,13,8,0.25,3,7,2,0,1,44.5,9.13
0525,0.1539,1.0,9,9,0.0,2,6,1,0,1,50.15,8.31
0526,0.4099,1.0,22,19,0.1579,7,15,4,2,1,37.95,15.73
0527,0.4581,1.0,20,18,0.1111,7,11,5,2,0,29.57,14.09
0528,0.6182,0.93,27,25,0.04,6,8,5,1,0,25.51,18.17
0529,0.6123,1.0,30,30,0.0,8,10,7,1,0,26.77,22.23
0530,0.6541,1.0,30,29,0.0345,2,8,0,1,1,22.03,23.83
0531,0.6908,0.95,36,30,0.1667,8,14,5,3,0,33.97,18.15
0532,0.5549,1.0,29,28,0.0357,7,11,6,0,1,31.21,21.05
0533,0.4901,1.0,20,20,0.0,8,8,8,0,0,18.8,22.01
0534,0.4393,1.0,24,22,0.0455,7,15,5,0,2,39.11,15.53
0535,0.4909,0.93,24,20,0.1,6,12,4,1,1,33.9,14.99
0536,1.0277,1.0,49,43,0.0698,3,3,3,0,0,10.21,37.47
0537,0.3763,1.0,20,20,0.0,10,14,8,2,0,38.64,14.5
0538,0.7074,1.0,36,30,0.1,5,7,4,1,0,22.37,28.52
0539,0.4475,0.91,21,19,0.1053,6,12,4,1,1,30.44,16.49
0540,0.386,0.91,21,21,0.0,8,18,3,5,0,39.54,14.86
0541,1.0933,1.0,54,49,0.0816,6,8,5,1,0,20.42,28.97
0542,0.6114,1.0,30,27,0.0741,8,14,5,3,0,32.96,16.11
0543,0.1538,1.0,9,9,0.0,5,13,2,2,1,53.98,4.54
0544,0.6032,1.0,28,28,0.0,7,11,5,2,0,28.73,17.69
0545,0.9032,1.0,46,34,0.2647,6,8,5,1,0,20.45,30.47
0546,0.226,0.86,13,12,0.0833,8,18,5,1,2,50.27,7.26
0547,0.4083,1.0,22,10,0.2,5,9,4,0,1,33.04,20.84
0548,0.6633,1.0,32,29,0.1034,4,10,1,3,0,21.83,26.41
0549,0.5374,1.0,26,23,0.1304,8,10,7,1,0,25.87,22.51
0550,0.4503,0.92,22,21,0.0476,8,12,7,0,1,34.36,14.49
0551,0.5964,1.0,30,30,0.0,3,7,2,0,1,25.06,25.25
0553,0.2265,1.0,13,13,0.0,8,16,5,2,1,48.05,9.33
0554,0.2044,1.0,12,12,0.0,7,15,5,0,2,48.62,10.08
0555,0.8647,0.96,40,33,0.1818,6,8,5,1,0,19.01,27.25
0556,0.6582,1.0,34,33,0.0303,6,8,5,1,0,23.32,28.34
0557,0.843,1.0,43,40,0.075,8,10,7,1,0,27.98,23.03
0558,0.8921,1.0,37,32,0.1562,5,5,5,0,0,12.16,29.32
0559,0.3047,0.89,17,12,0.25,5,15,1,3,1,46.37,9.43
0560,0.5889,0.95,29,25,0.16,7,11,5,2,0,31.96,17.28
0561,0.3621,1.0,19,17,0.1176,9,15,6,3,0,40.9,11.56
0562,0.6616,1.0,32,27,0.037,5,9,4,0,1,21.34,27.03
0563,0.4466,1.0,22,22,0.0,9,11,8,1,0,33.45,15.81
0564,1.0112,1.0,49,31,0.1935,6,6,6,0,0,16.11,32.34
0565,0.6051,0.94,30,27,0.1111,6,6,6,0,0,20.44,29.13
0566,0.8513,0.97,32,29,0.069,3,3,3,0,0,6.57,31.03
0567,0.3618,0.91,21,6,0.1667,3,11,1,0,2,56.64,1.4
0568,0.2461,0.87,14,14,0.0,9,15,7,1,1,46.28,10.6
0569,0.4389,1.0,20,20,0.0,7,11,5,2,0,30.04,15.53
0570,0.5478,1.0,24,23,0.0435,6,10,4,2,0,28.07,15.75
0571,0.3859,0.92,21,12,0.3333,8,18,4,3,1,44.56,9.85
0572,0.6874,0.96,33,19,0.1579,7,11,5,2,0,28.23,19.78
0573,0.5435,0.94,26,24,0.0417,8,12,6,2,0,31.12,16.72
0574,0.3869,1.0,20,19,0.0526,8,14,5,3,0,40.82,10.87
0575,0.9236,0.97,40,26,0.3077,4,4,4,0,0,11.69,31.62
0576,0.291,1.0,16,15,0.0667,9,17,6,2,1,43.71,11.27
0577,0.5333,0.94,30,30,0.0,8,16,4,4,0,41.39,14.87
0578,0.7512,0.95,38,17,0.0588,7,13,5,1,1,34.2,16.38
0579,0.5259,0.94,26,23,0.087,11,11,11,0,0,36.25,13.19
0580,0.9108,1.0,35,33,0.0606,3,3,3,0,0,9.84,28.59
0581,0.4312,0.94,25,24,0.0417,8,14,6,1,1,37.3,20.68
0582,0.4495,1.0,23,22,0.0455,7,9,6,1,0,26.2,24.97
0583,1.7899,0.98,85,44,0.3636,1,1,1,0,0,2.56,44.93
0585,0.639,1.0,30,30,0.0,6,10,5,0,1,26.41,20.54
0586,0.6315,0.96,32,22,0.1818,7,11,5,2,0,27.52,23.15
0587,0.6109,0.95,29,24,0.2083,5,9,3,2,0,24.28,23.18
0588,0.3868,1.0,20,20,0.0,6,14,2,4,0,36.42,15.29
0589,0.4951,0.94,27,22,0.2273,5,13,2,2,1,38.44,16.09
0590,0.6222,0.95,31,29,0.069,6,12,3,3,0,23.67,26.15
0591,0.2448,0.86,13,12,0.0833,5,17,1,2,2,44.67,8.43
0592,0.0508,0.34,3,3,0.0,4,12,2,0,2,56.1,2.9
0593,0.4632,0.92,22,19,0.1579,7,13,5,1,1,35.69,11.8
0594,0.4515,0.93,24,22,0.0909,7,15,3,4,0,40.4,12.76
0595,0.2806,1.0,16,16,0.0,8,18,4,3,1,43.78,13.25
0596,0.3348,1.0,19,15,0.2667,3,11,1,0,2,50.35,6.4
0597,0.2928,0.88,15,15,0.0,7,13,5,1,1,40.69,10.54
0598,0.9342,1.0,42,32,0.1875,5,5,5,0,0,14.04,30.92
0599,0.7267,0.97,33,29,0.1379,6,6,6,0,0,17.07,28.33
0601,0.5003,0.92,24,22,0.0909,9,11,8,1,0,31.34,16.63
0602,0.1718,1.0,9,9,0.0,4,12,2,0,2,43.58,8.82
0603,0.461,1.0,20,20,0.0,7,11,5,2,0,29.6,13.79
0604,0.7557,0.96,36,32,0.125,7,9,6,1,0,20.11,27.53
0605,0.8725,1.0,38,27,0.2963,4,4,4,0,0,13.97,29.58
0606,0.3806,0.93,20,16,0.1875,10,14,8,2,0,41.25,11.3
0607,0.3612,1.0,19,17,0.1176,6,10,5,0,1,40.15,12.44
0608,0.2289,0.86,13,13,0.0,5,13,3,0,2,48.52,8.26
0609,0.4046,0.92,20,20,0.0,9,11,8,1,0,27.72,21.71
0610,0.6442,1.0,32,32,0.0,7,13,5,1,1,29.73,19.94
0611,0.9671,0.97,46,39,0.1026,6,10,4,2,0,23.19,24.37
0612,0.0847,0.67,5,5,0.0,5,17,1,2,2,57.58,1.42
0613,1.0393,0.96,39,35,0.1143,3,3,3,0,0,8.97,28.55
0614,0.8354,0.96,44,38,0.1316,8,10,7,1,0,27.05,25.62
0615,0.7376,1.0,35,27,0.1111,5,9,3,2,0,20.87,26.58
0616,0.6846,1.0,37,23,0.087,9,13,7,2,0,31.98,22.06
0617,0.7294,1.0,34,25,0.12,7,7,7,0,0,24.47,22.15
0618,0.6182,0.94,26,26,0.0,3,7,1,2,0,17.77,24.29
0619,0.7909,0.96,34,33,0.0303,3,3,3,0,0,10.09,32.9
0620,0.7516,0.95,37,25,0.24,6,8,5,1,0,21.5,27.73
0621,0.227,0.88,12,12,0.0,6,14,3,2,1,44.06,8.8
0622,0.4182,0.94,21,17,0.1765,7,11,5,2,0,24.82,25.4
0623,0.196,0.83,11,11,0.0,8,18,4,3,1,46.17,9.95
0624,0.4668,1.0,25,23,0.087,6,12,3,3,0,34.96,18.6
0625,0.5315,1.0,27,21,0.0476,6,10,5,0,1,31.65,19.14
0626,0.4097,0.91,21,20,0.05,9,13,8,0,1,38.72,12.54
0627,0.1589,1.0,9,9,0.0,6,16,2,3,1,50.59,6.04
0628,0.4176,0.92,23,23,0.0,8,14,5,3,0,36.31,18.77
0629,0.8834,1.0,36,29,0.069,5,7,4,1,0,18.4,22.35
0630,0.5746,0.93,29,26,0.1154,8,10,7,1,0,28.4,22.07
0631,0.4396,0.91,21,20,0.05,7,13,5,1,1,33.45,14.32
0632,0.4991,0.92,25,18,0.2222,10,12,9,1,0,30.68,19.41
0633,1.2586,0.97,56,45,0.0667,1,1,1,0,0,2.71,41.78
0634,0.359,1.0,20,19,0.0526,7,13,4,3,0,35.59,20.12
0635,0.5616,0.93,28,26,0.0769,8,10,7,1,0,31.03,18.82
0636,0.4782,1.0,24,23,0.0435,10,12,9,1,0,34.35,15.85
0637,0.5989,1.0,25,24,0.0417,7,11,5,2,0,26.38,15.36
0638,0.4442,0.92,22,21,0.0476,7,15,4,2,1,36.26,13.27
0639,0.1372,0.8,8,8,0.0,6,16,2,3,1,52.49,5.83
0640,0.0701,0.7,4,4,0.0,2,6,1,0,1,54.26,2.82
0641,0.5384,0.92,25,24,0.0417,8,10,7,1,0,27.25,19.19
0642,0.3239,0.93,18,16,0.0625,7,19,3,2,2,43.57,12.0
0643,0.655,0.94,33,26,0.1923,6,14,2,4,0,30.87,19.51
0644,1.1157,0.96,49,40,0.15,3,5,2,1,0,12.69,31.22
0645,0.0171,0.0,1,1,0.0,1,5,0,0,1,58.2,0.32
0646,0.5286,1.0,28,23,0.2174,6,12,4,1,1,36.34,16.63
0647,0.7382,0.95,43,17,0.4706,4,8,3,0,1,55.14,3.11
0648,0.4585,0.93,24,22,0.0909,10,16,7,3,0,39.34,13.0
0649,0.4313,1.0,23,17,0.3529,7,11,6,0,1,35.01,18.31
0650,0.5287,0.95,25,24,0.0417,8,8,8,0,0,25.88,21.41
0651,0.8161,0.96,38,24,0.3333,8,10,7,1,0,25.88,20.69
0652,0.4693,1.0,23,22,0.0455,6,6,6,0,0,16.5,32.51
0653,0.5613,0.94,28,21,0.1905,6,14,3,2,1,34.32,15.56
0654,0.4323,0.92,21,20,0.05,7,13,4,3,0,32.43,16.15
0655,0.2194,0.83,11,11,0.0,7,15,3,4,0,41.61,8.52
0656,0.4691,0.93,25,25,0.0,8,12,7,0,1,35.78,17.52
0658,0.4816,0.94,27,21,0.1905,6,14,3,2,1,40.99,15.07
0659,0.1384,0.8,8,8,0.0,5,19,0,3,2,52.06,5.75
0660,0.6201,1.0,30,23,0.2609,5,9,3,2,0,22.17,26.22
0661,0.6304,0.95,36,34,0.0588,8,12,7,0,1,31.3,25.81
0662,0.559,1.0,31,24,0.125,7,11,5,2,0,30.26,25.2
0663,0.3933,0.91,20,14,0.4286,3,9,1,1,1,37.29,13.57
0664,0.9957,0.95,39,33,0.1515,4,4,4,0,0,9.31,29.86
0665,0.9997,0.97,46,35,0.2571,3,3,3,0,0,8.21,37.8
0666,0.8074,0.97,42,27,0.3333,7,7,7,0,0,22.47,29.55
0667,0.4843,1.0,26,10,0.1,6,12,4,1,1,40.11,13.57
0668,0.8041,0.97,43,39,0.0769,3,3,3,0,0,8.82,44.66
0669,1.0837,1.0,45,37,0.1351,2,2,2,0,0,5.17,36.36
0670,0.5025,0.93,26,25,0.04,9,15,6,3,0,37.34,14.4
0671,0.3562,0.92,19,18,0.0556,8,14,6,1,1,40.18,13.16
0672,0.2162,0.86,10,8,0.125,1,5,0,0,1,37.15,9.1
0673,0.5933,1.0,29,24,0.2083,7,13,5,1,1,29.1,19.78
0674,0.3094,1.0,18,14,0.2143,12,18,10,1,1,48.39,9.78
0675,0.4802,1.0,25,23,0.087,10,14,8,2,0,36.52,15.54
0676,0.343,0.91,19,12,0.3333,4,14,1,1,2,47.27,8.12
0677,0.2076,0.86,11,10,0.1,4,10,2,1,1,45.08,7.91
0678,0.2862,0.87,15,15,0.0,9,19,5,3,1,43.35,9.06
0679,0.3518,0.9,19,19,0.0,11,13,10,1,0,43.09,10.92
0680,0.4571,0.94,23,5,0.4,5,11,3,1,1,38.45,11.87
0681,0.2846,1.0,16,16,0.0,11,17,8,3,0,46.58,9.64
0682,0.9371,1.0,38,36,0.0556,6,6,6,0,0,13.98,26.57
0683,0.2363,0.86,13,11,0.1818,7,19,3,2,2,46.14,8.88
0684,0.4498,1.0,22,17,0.1765,6,12,4,1,1,36.55,12.36
0685,0.407,0.91,21,20,0.05,5,11,3,1,1,32.52,19.07
0686,0.5967,1.0,26,24,0.0417,6,8,5,1,0,20.77,22.81
0687,0.4519,1.0,22,22,0.0,7,11,5,2,0,32.33,16.35
0688,0.8375,1.0,37,30,0.2,4,6,3,1,0,12.2,31.98
0689,0.6043,0.95,31,27,0.1481,6,8,5,1,0,26.34,24.96
0690,0.3096,1.0,16,15,0.0667,5,13,2,2,1,42.34,9.34
0691,0.2224,1.0,13,12,0.0833,5,21,0,2,3,51.82,6.62
0692,0.8015,1.0,32,31,0.0323,6,8,5,1,0,21.1,18.83
0693,0.3356,1.0,19,19,0.0,5,15,1,3,1,45.11,11.51
0694,0.0349,0.35,2,2,0.0,3,9,1,1,1,56.16,1.08
0695,0.671,1.0,35,32,0.0938,5,13,1,4,0,33.31,18.85
0696,0.6033,1.0,31,24,0.1667,8,14,6,1,1,35.74,15.65
0697,0.3608,1.0,19,19,0.0,10,14,8,2,0,39.3,13.36
0698,0.4594,1.0,24,18,0.2222,9,15,6,3,0,37.89,14.35
0699,1.1249,1.0,55,46,0.1522,2,2,2,0,0,6.31,42.58
0701,0.4807,1.0,23,21,0.0476,10,12,9,1,0,34.44,13.4
0702,0.3922,0.92,20,20,0.0,8,14,6,1,1,38.63,12.36
0703,1.6468,1.0,86,24,0.25,3,9,1,1,1,29.28,22.94
0704,0.3191,1.0,16,16,0.0,8,16,5,2,1,39.68,10.46
0705,0.7843,1.0,37,37,0.0,6,10,4,2,0,26.43,20.75
0706,0.2464,1.0,13,13,0.0,8,16,4,4,0,41.73,11.04
0707,1.125,1.0,50,37,0.2162,3,3,3,0,0,8.35,36.09
0708,0.2258,1.0,13,11,0.1818,2,8,0,1,1,52.13,5.43
0709,0.2373,1.0,14,11,0.2727,6,16,3,1,2,50.53,8.47
0710,0.3929,0.92,20,16,0.25,9,15,7,1,1,40.85,10.06
0711,0.4974,0.92,24,22,0.0455,8,12,6,2,0,34.75,13.5
0712,0.7388,0.95,39,37,0.0541,8,8,8,0,0,23.77,29.02
0713,0.5246,0.95,26,26,0.0,9,9,9,0,0,24.94,24.62
0714,1.2085,1.0,52,29,0.2069,5,5,5,0,0,13.31,29.72
0715,0.2674,0.88,14,13,0.0769,11,19,8,2,1,44.4,7.96
0717,0.3844,1.0,20,18,0.1111,8,12,7,0,1,35.23,16.81
0718,0.1525,0.8,9,8,0.125,8,20,3,4,1,50.09,8.91
0719,0.5674,1.0,27,25,0.08,6,12,3,3,0,29.08,18.51
0720,0.4838,1.0,23,21,0.0952,5,11,3,1,1,38.51,9.03
0721,0.2777,0.88,15,13,0.0769,4,14,1,1,2,47.84,6.18
0722,0.0847,0.67,5,2,1.0,2,10,0,0,2,58.66,0.34
0723,0.2028,0.83,11,4,1.0,6,10,5,0,1,46.57,7.66
0725,0.5951,1.0,28,27,0.037,8,8,8,0,0,25.25,21.8
0726,0.3175,1.0,15,14,0.0714,9,13,7,2,0,31.82,15.43
0727,0.6128,1.0,29,24,0.2083,7,13,4,3,0,30.04,17.29
0728,0.5091,0.92,23,23,0.0,6,12,3,3,0,28.59,16.58
0729,0.4806,0.92,23,23,0.0,8,12,6,2,0,33.83,14.03
0730,0.1641,0.8,9,9,0.0,5,13,3,0,2,48.23,6.6
0731,0.6057,1.0,28,23,0.0435,7,9,6,1,0,25.53,20.7
0732,0.4337,0.91,21,19,0.1053,9,13,7,2,0,35.43,12.98
0733,0.341,0.89,17,16,0.0625,6,14,3,2,1,36.99,12.87
0734,0.6348,1.0,31,15,0.2,8,8,8,0,0,24.66,24.17
0735,0.4179,0.91,20,20,0.0,6,12,4,1,1,34.39,13.48
0736,0.3931,0.91,19,18,0.0556,7,15,3,4,0,37.27,11.07
0737,0.3941,1.0,20,18,0.1111,8,14,5,3,0,35.6,15.15
0738,0.418,0.93,22,22,0.0,6,12,4,1,1,33.58,19.05
0739,0.2027,0.83,11,9,0.2222,10,20,5,5,0,48.24,6.02
0740,0.2326,0.86,13,12,0.0833,6,18,2,2,2,47.22,8.67
0741,0.2589,0.86,13,13,0.0,4,16,1,0,3,42.19,8.02
0742,1.0196,1.0,48,39,0.0769,7,7,7,0,0,20.17,26.91
0743,0.213,0.86,12,12,0.0,7,15,4,2,1,45.51,10.83
0744,0.323,0.92,16,16,0.0,7,13,5,1,1,34.41,15.13
0745,0.2027,0.83,11,11,0.0,7,13,5,1,1,47.16,7.1
0746,0.5604,0.94,28,26,0.0769,7,11,5,2,0,26.47,23.49
0747,0.4705,1.0,23,23,0.0,6,12,3,3,0,28.73,20.15
0748,0.5269,1.0,24,20,0.15,8,12,6,2,0,30.91,14.64
0749,0.9401,1.0,48,26,0.4615,6,10,4,2,0,27.12,23.94
0750,0.3454,0.9,18,18,0.0,10,16,7,3,0,39.94,12.18
0751,0.4299,1.0,23,20,0.15,8,14,6,1,1,38.42,15.08
0752,0.6987,0.94,28,21,0.3333,6,8,5,1,0,24.75,15.33
0753,0.9142,0.96,45,35,0.1714,4,8,3,0,1,20.15,29.08
0754,0.2562,1.0,14,13,0.0769,8,12,7,0,1,42.11,12.53
0755,0.2446,0.9,13,13,0.0,8,12,7,0,1,42.77,10.38
0756,0.76,1.0,32,32,0.0,7,7,7,0,0,18.8,23.31
0757,0.6895,0.95,34,30,0.1,9,11,8,1,0,26.55,22.76
0758,0.9681,1.0,47,43,0.093,1,1,1,0,0,2.5,46.05
0759,0.3589,1.0,20,20,0.0,10,16,8,1,1,39.55,16.18
0760,0.2896,1.0,15,14,0.0714,6,10,5,0,1,42.55,9.24
0761,1.0188,1.0,40,36,0.1111,3,3,3,0,0,6.73,32.53
0762,0.2643,0.88,14,14,0.0,7,21,2,3,2,45.45,7.52
0763,0.7051,1.0,37,34,0.0882,8,8,8,0,0,24.53,27.94
0764,0.5048,1.0,27,27,0.0,7,13,4,3,0,33.71,19.78
0765,0.3035,0.88,15,15,0.0,4,12,2,0,2,39.32,10.11
0766,0.4565,0.93,23,18,0.2222,7,13,4,3,0,34.5,15.89
0767,0.5669,1.0,27,23,0.1739,4,12,2,0,2,30.64,16.99
0768,0.1961,0.83,11,11,0.0,5,13,3,0,2,44.45,11.65
0769,0.4513,1.0,22,20,0.1,3,7,2,0,1,24.34,24.41
0770,0.3929,1.0,18,18,0.0,8,12,6,2,0,34.99,10.83
0771,0.0894,0.67,5,2,0.5,4,12,1,2,1,53.5,2.42
0772,0.4335,0.94,23,19,0.2105,8,14,5,3,0,35.79,17.26
0773,0.3264,1.0,18,17,0.0588,7,15,3,4,0,42.86,12.28
0774,0.8562,1.0,36,34,0.0588,4,4,4,0,0,12.58,29.46
0775,0.5294,1.0,23,16,0.25,5,7,4,1,0,18.93,24.52
0776,0.5604,0.94,29,28,0.0357,12,14,11,1,0,33.67,18.07
0777,0.3916,0.93,19,18,0.0556,9,11,8,1,0,33.37,15.15
0778,0.2046,0.89,11,10,0.1,5,17,1,2,2,46.07,7.7
0779,0.2703,0.87,15,14,0.0714,8,16,6,0,2,44.25,11.25
0780,0.1777,1.0,10,5,0.6,8,18,4,3,1,51.86,4.42
0781,0.6143,1.0,32,31,0.0323,11,13,10,1,0,31.2,20.89
0782,0.5635,1.0,30,25,0.16,9,13,7,2,0,34.37,18.87
0783,0.2858,1.0,16,15,0.0667,9,15,7,1,1,47.8,8.18
0784,0.6937,1.0,35,19,0.2105,8,12,7,0,1,27.52,22.93
0785,0.7137,0.95,33,32,0.0312,7,7,7,0,0,25.19,21.05
0786,0.4712,1.0,23,23,0.0,8,12,6,2,0,31.14,17.67
0787,0.3992,1.0,22,22,0.0,7,17,2,5,0,40.42,14.69
0788,0.411,0.92,21,19,0.1053,8,16,5,2,1,35.07,16.03
0789,0.1944,0.83,11,11,0.0,6,18,1,4,1,50.71,5.86
0790,0.1076,1.0,6,6,0.0,1,5,0,0,1,53.61,2.14
0791,0.4688,0.93,23,15,0.0667,6,14,2,4,0,30.85,18.21
0792,0.4079,1.0,22,21,0.0476,6,14,3,2,1,35.49,18.44
0793,0.6153,1.0,33,28,0.1786,8,10,7,1,0,27.2,26.43
0794,0.2377,1.0,13,11,0.1818,7,17,4,1,2,48.15,6.54
0795,0.9278,1.0,40,27,0.1111,4,6,3,1,0,15.8,27.31
0796,0.6338,0.95,32,27,0.1481,9,13,7,2,0,29.4,21.09
0797,0.5337,0.94,26,24,0.0833,6,10,4,2,0,27.79,20.93
0798,0.3474,1.0,19,19,0.0,9,13,7,2,0,41.75,12.94
0799,0.2712,1.0,16,15,0.0667,10,18,6,4,0,49.34,9.66
0800,0.2686,1.0,15,14,0.0714,8,14,6,1,1,43.07,12.77
0801,0.39,0.9,19,19,0.0,9,13,7,2,0,35.52,13.2
0802,0.4662,0.93,24,22,0.0909,9,13,8,0,1,34.01,17.48
0803,0.6923,1.0,32,31,0.0323,8,12,6,2,0,27.29,18.94
0804,0.4988,1.0,25,24,0.0417,8,14,5,3,0,32.11,18.01
0805,0.2896,1.0,16,16,0.0,8,14,6,1,1,40.01,15.25
0806,0.4483,1.0,24,23,0.0435,8,10,7,1,0,31.94,21.59
0807,0.8068,0.95,37,27,0.2222,6,8,5,1,0,22.62,23.24
0808,0.3307,1.0,16,16,0.0,7,15,4,2,1,38.63,9.76
0809,0.2547,1.0,14,13,0.0769,7,15,4,2,1,46.01,8.96
0810,0.6064,1.0,30,29,0.0345,8,10,7,1,0,30.15,19.32
0811,0.3891,0.91,21,19,0.1053,6,12,4,1,1,32.44,21.53
0812,0.7767,1.0,32,30,0.0333,4,4,4,0,0,12.55,28.65
0813,0.6261,1.0,27,26,0.0385,6,8,5,1,0,20.05,23.07
0814,0.3184,0.89,17,17,0.0,6,14,3,2,1,40.59,12.81
0815,0.6507,1.0,34,32,0.0625,7,11,5,2,0,27.83,24.42
0816,0.4509,1.0,25,23,0.087,6,14,3,2,1,37.34,18.1
0817,0.28,0.88,15,14,0.0714,4,16,0,2,2,43.06,10.5
0818,0.4291,0.9,19,19,0.0,4,12,2,0,2,31.13,13.15
0819,0.6104,1.0,26,25,0.04,7,7,7,0,0,25.55,17.04
0820,0.3554,0.9,19,16,0.125,8,18,4,3,1,40.3,13.17
0821,0.6097,1.0,32,31,0.0323,9,13,7,2,0,32.37,20.12
0822,0.9202,0.95,33,30,0.0667,3,5,2,1,0,11.25,24.61
0823,0.3968,0.91,20,19,0.0526,7,17,3,3,1,39.6,10.8
0824,0.4622,1.0,24,24,0.0,6,12,4,1,1,32.2,19.73
0825,0.442,0.92,24,23,0.0435,5,15,1,3,1,34.78,19.51
0827,0.3121,1.0,16,16,0.0,5,13,2,2,1,39.92,11.35
0828,0.441,0.93,23,23,0.0,7,13,4,3,0,35.01,17.15
0829,0.4016,0.93,23,19,0.2105,10,14,8,2,0,41.83,15.44
0830,1.0974,0.96,44,37,0.1892,2,2,2,0,0,4.36,35.74
0831,0.7261,0.95,30,27,0.1111,7,7,7,0,0,20.77,20.55
0832,0.4247,1.0,20,16,0.25,7,9,6,1,0,28.32,18.77
0833,0.4178,0.91,21,20,0.05,4,8,3,0,1,38.5,11.76
0834,0.3377,1.0,18,18,0.0,10,16,8,1,1,39.36,13.94
0835,0.8027,1.0,36,30,0.1667,5,5,5,0,0,12.94,31.91
0836,0.0847,0.67,5,5,0.0,5,15,2,1,2,56.86,2.14
0837,0.2961,1.0,15,14,0.0714,9,15,6,3,0,40.05,10.6
0838,0.5897,1.0,30,26,0.1154,8,10,7,1,0,29.69,21.19
0839,0.4658,1.0,23,22,0.0455,9,9,9,0,0,26.33,23.05
0840,0.7885,1.0,38,32,0.1562,4,8,3,0,1,22.83,25.36
0841,0.2271,0.91,12,11,0.0909,8,16,4,4,0,44.09,8.75
0842,0.7782,0.97,42,32,0.1562,6,10,4,2,0,25.12,28.85
0843,0.2984,0.89,17,17,0.0,9,17,6,2,1,46.34,10.62
0844,0.3917,0.91,21,21,0.0,6,12,4,1,1,37.41,16.2
0845,0.6765,0.94,33,32,0.0312,7,9,6,1,0,25.11,23.67
0846,0.3436,0.92,19,19,0.0,8,16,6,0,2,44.53,10.77
0847,0.852,1.0,42,41,0.0244,7,7,7,0,0,23.39,25.91
0848,0.3548,0.9,19,18,0.0556,7,17,3,3,1,38.21,15.33
0849,0.4226,1.0,21,20,0.05,8,14,5,3,0,32.38,17.31
0850,0.9305,1.0,39,28,0.3214,6,6,6,0,0,17.08,24.84
0851,0.3775,0.9,19,17,0.1176,8,14,5,3,0,38.09,12.25
0852,0.5851,1.0,26,22,0.1364,8,10,7,1,0,25.85,18.59
0853,0.3536,1.0,20,18,0.1111,3,9,1,1,1,43.19,13.37
0854,0.2519,1.0,14,14,0.0,5,11,3,1,1,46.71,8.87
0855,0.2058,1.0,12,12,0.0,6,16,3,1,2,49.94,8.36
0856,0.7545,1.0,35,31,0.0968,2,2,2,0,0,6.23,40.16
0857,1.0947,1.0,48,40,0.2,3,3,3,0,0,7.3,36.54
0858,0.6392,1.0,34,33,0.0303,7,11,5,2,0,29.66,23.53
0859,0.5869,0.94,27,24,0.125,5,11,3,1,1,26.83,19.17
0860,0.3649,1.0,19,19,0.0,9,15,6,3,0,38.27,13.8
0861,0.5911,1.0,30,27,0.0741,7,15,4,2,1,32.71,18.04
0862,0.8009,0.95,39,39,0.0,7,7,7,0,0,21.7,27.0
0863,0.3969,1.0,22,22,0.0,8,14,6,1,1,38.07,17.35
0864,0.5835,1.0,27,22,0.1818,6,10,4,2,0,24.15,22.12
0865,0.277,0.89,16,16,0.0,8,20,3,4,1,49.03,8.72
0866,1.1867,1.0,51,30,0.2667,3,3,3,0,0,7.13,35.85
0867,0.8378,1.0,38,37,0.027,4,8,2,2,0,19.95,25.41
0868,0.4109,1.0,23,21,0.0952,9,15,6,3,0,41.6,14.37
0869,0.5547,0.94,29,27,0.0741,8,14,6,1,1,32.17,20.11
0870,0.2051,1.0,11,10,0.1,6,18,2,2,2,42.31,11.32
0871,0.3981,0.91,21,21,0.0,10,16,7,3,0,39.91,12.85
0872,0.7501,1.0,33,31,0.0645,4,8,3,0,1,21.9,22.09
0873,0.9231,0.96,44,43,0.0233,4,4,4,0,0,8.51,39.16
0874,0.3775,0.9,18,18,0.0,5,13,2,2,1,34.36,13.32
0875,1.1219,0.96,52,42,0.1905,3,3,3,0,0,11.06,35.29
0876,0.6758,0.95,28,16,0.1875,8,8,8,0,0,21.53,19.91
0877,0.61,0.93,29,29,0.0,9,9,9,0,0,26.89,20.65
0878,0.6857,1.0,30,29,0.0345,4,6,3,1,0,16.88,26.87
0879,0.7727,1.0,37,32,0.125,5,7,4,1,0,18.7,29.19
0880,0.3346,0.9,19,19,0.0,7,15,4,2,1,42.01,14.76
0881,0.2443,0.86,13,13,0.0,7,17,3,3,1,44.53,8.68
0882,0.569,1.0,25,23,0.0435,3,3,3,0,0,10.61,33.32
0883,1.112,0.96,52,38,0.2105,2,2,2,0,0,4.74,42.02
0884,0.1871,1.0,10,10,0.0,10,16,7,3,0,46.13,7.32
0885,0.5942,0.93,26,22,0.1364,6,10,5,0,1,27.93,15.83
0886,0.3432,0.9,18,17,0.0588,8,14,6,1,1,39.07,13.37
0887,0.2669,1.0,15,15,0.0,6,18,2,2,2,47.81,8.39
0888,0.4813,0.93,24,20,0.15,7,13,5,1,1,32.6,17.27
0889,0.4677,1.0,22,18,0.2222,8,12,6,2,0,32.09,14.94
0890,0.4582,1.0,22,17,0.2353,8,12,6,2,0,28.59,19.42
0891,0.2755,1.0,14,13,0.0769,6,14,3,2,1,42.22,8.59
0892,0.4901,1.0,24,22,0.0909,6,14,3,2,1,33.22,15.75
0893,0.5174,1.0,28,25,0.12,10,14,8,2,0,34.35,19.77
0894,0.5664,0.95,31,23,0.2174,9,15,6,3,0,38.86,15.87
0895,0.3263,0.91,16,16,0.0,6,12,4,1,1,36.57,12.46
0896,0.3798,1.0,19,18,0.0556,6,14,3,2,1,37.7,12.33
0897,0.2501,1.0,14,14,0.0,7,19,2,4,1,47.45,8.53
0898,0.5272,1.0,26,23,0.087,7,11,5,2,0,29.8,19.51
0899,0.2592,1.0,14,14,0.0,7,17,4,1,2,45.19,8.82
0900,0.599,0.94,31,26,0.1154,7,13,5,1,1,34.35,17.41
0901,0.9281,1.0,44,36,0.1667,7,9,6,1,0,19.73,27.68
0902,0.205,1.0,12,12,0.0,11,21,6,5,0,51.72,6.82
0903,0.4744,0.93,24,21,0.1429,7,13,5,1,1,37.18,13.4
0904,0.4596,1.0,24,23,0.0435,9,17,6,2,1,38.11,14.11
0905,1.0382,0.96,41,35,0.1143,2,2,2,0,0,5.17,34.32
0906,0.243,0.86,13,12,0.0833,4,14,1,1,2,43.88,9.62
0907,0.8147,1.0,37,34,0.0882,2,2,2,0,0,8.03,37.38
0908,0.6172,0.96,33,31,0.0645,6,12,3,3,0,33.28,20.19
0909,0.5817,0.94,30,25,0.2,7,17,3,3,1,37.8,13.77
0910,0.5106,1.0,25,25,0.0,9,9,9,0,0,28.79,20.17
0911,0.3814,1.0,21,19,0.1053,7,15,4,2,1,37.27,17.79
0912,0.6318,1.0,31,31,0.0,5,9,3,2,0,21.98,27.09
0913,0.4652,1.0,23,23,0.0,6,10,4,2,0,26.45,22.99
0914,0.2801,1.0,15,15,0.0,6,12,4,1,1,43.31,10.25
0915,0.6463,1.0,29,29,0.0,6,8,5,1,0,17.68,27.19
0916,0.2243,0.86,12,12,0.0,6,18,3,0,3,47.4,6.1
0917,0.4952,1.0,24,22,0.0909,7,11,6,0,1,32.32,16.15
0918,0.6463,1.0,28,24,0.1667,4,4,4,0,0,11.3,32.02
0919,1.0572,1.0,53,39,0.2051,6,6,6,0,0,16.11,34.02
0920,0.541,1.0,28,27,0.037,5,9,4,0,1,26.83,24.93
0921,0.5694,0.93,22,20,0.1,5,7,4,1,0,17.49,21.15
0922,0.2636,0.9,14,11,0.2727,3,15,0,0,3,43.01,10.1
0923,0.178,1.0,10,10,0.0,6,16,3,1,2,48.33,7.85
0924,0.3789,0.91,21,18,0.1111,11,15,9,2,0,43.9,11.52
0925,0.3122,0.9,17,16,0.0625,9,15,7,1,1,42.38,12.07
0926,0.6321,0.93,28,26,0.0769,6,8,5,1,0,25.42,18.87
0927,0.2945,1.0,15,14,0.0714,7,15,4,2,1,38.22,12.72
0928,0.2582,1.0,14,14,0.0,5,15,2,1,2,42.95,11.26
0929,0.5505,1.0,26,26,0.0,1,5,0,0,1,27.55,19.67
0930,0.443,1.0,22,20,0.1,11,15,9,2,0,36.5,13.16
0931,0.4356,0.95,23,21,0.0952,8,16,5,2,1,37.83,14.98
0932,0.707,1.0,30,27,0.1111,3,5,2,1,0,13.36,29.08
0933,0.5188,0.93,26,24,0.0417,6,10,4,2,0,30.22,19.89
0934,0.7264,0.97,40,21,0.5238,7,13,4,3,0,32.42,22.65
0935,0.3507,1.0,16,14,0.1429,3,11,0,2,1,34.66,10.96
0936,0.5221,0.92,25,23,0.087,6,12,3,3,0,30.65,17.23
0937,0.9099,0.97,45,24,0.3333,4,10,2,1,1,27.83,21.63
0938,0.5708,1.0,26,26,0.0,8,8,8,0,0,25.64,19.91
0939,0.2885,1.0,15,15,0.0,5,17,0,4,1,42.19,9.8
0940,0.1925,1.0,11,11,0.0,9,17,6,2,1,49.07,8.06
0941,0.2079,0.83,11,10,0.1,8,18,4,3,1,47.24,5.68
0942,0.2444,0.86,12,11,0.0909,7,13,5,1,1,43.0,6.1
0943,0.3859,1.0,20,19,0.0526,10,14,8,2,0,37.24,14.59
0944,0.3551,0.91,19,16,0.1875,7,17,3,3,1,38.74,14.77
0945,0.4645,1.0,19,18,0.0556,5,7,4,1,0,24.66,16.24
0946,0.587,0.92,25,25,0.0,6,8,5,1,0,23.86,18.73
0947,0.3327,1.0,17,17,0.0,8,12,7,0,1,35.41,15.68
0948,0.4912,1.0,26,22,0.1364,8,16,5,2,1,38.59,14.34
0949,0.4593,0.92,23,23,0.0,4,10,2,1,1,32.35,17.73
0950,0.3794,0.91,20,16,0.1875,5,11,3,1,1,38.0,14.71
0951,0.794,1.0,40,33,0.1818,6,6,6,0,0,20.25,30.13
0952,0.8104,1.0,37,32,0.125,6,8,5,1,0,19.45,26.21
0953,0.2023,0.86,11,10,0.1,10,16,8,1,1,44.81,9.58
0954,1.1142,1.0,55,39,0.2308,7,7,7,0,0,22.8,26.56
0955,0.634,0.93,22,21,0.0476,3,7,2,0,1,16.23,18.47
0956,0.9748,0.95,40,30,0.0667,1,5,0,0,1,12.01,29.02
0957,0.5812,0.93,29,28,0.0357,8,10,7,1,0,27.84,22.05
0958,0.499,1.0,25,24,0.0417,7,13,4,3,0,32.16,17.94
0959,0.3988,1.0,21,21,0.0,5,13,3,0,2,42.45,10.2
0960,0.3615,1.0,20,20,0.0,9,17,5,4,0,41.64,13.69
0961,0.3668,0.92,19,16,0.1875,5,13,2,2,1,32.4,19.39
0962,0.6804,1.0,32,26,0.1538,8,10,7,1,0,27.52,19.5
0963,0.5446,1.0,28,28,0.0,7,9,6,1,0,28.93,22.48
0964,0.3714,0.9,17,16,0.0625,9,11,8,1,0,32.62,13.15
0965,0.3129,0.89,17,17,0.0,6,14,3,2,1,41.99,12.35
0966,0.3698,0.9,19,19,0.0,9,17,5,4,0,41.83,9.55
0967,0.5228,1.0,26,23,0.1304,6,10,5,0,1,33.46,16.27
0968,0.5408,1.0,25,23,0.087,4,12,2,0,2,27.16,19.07
0969,0.2812,1.0,16,15,0.0667,8,14,6,1,1,44.19,12.71
0970,0.5566,0.92,23,21,0.0476,5,9,3,2,0,25.9,15.42
0971,0.4522,0.92,25,25,0.0,8,16,6,0,2,42.99,12.29
0972,0.274,0.88,15,15,0.0,6,10,5,0,1,44.06,10.7
0973,0.6195,0.93,29,24,0.0833,11,11,11,0,0,27.55,19.27
0974,0.6522,0.93,29,24,0.1667,4,8,2,2,0,23.83,20.64
0975,0.5778,0.94,29,23,0.1739,6,14,3,2,1,32.46,17.73
0976,0.8214,0.95,30,30,0.0,5,5,5,0,0,13.25,23.27
0977,0.3034,0.88,15,15,0.0,5,15,2,1,2,42.27,7.16
0978,0.3027,0.91,17,16,0.0625,11,17,8,3,0,44.07,12.09
0979,0.4733,1.0,25,25,0.0,9,15,6,3,0,35.05,17.77
0980,0.8736,1.0,41,35,0.1429,6,6,6,0,0,17.96,28.97
0981,1.1402,1.0,59,52,0.0962,7,9,6,1,0,25.15,26.59
0982,0.3055,1.0,16,16,0.0,7,15,5,0,2,41.67,10.7
0983,0.7205,0.94,31,31,0.0,6,6,6,0,0,16.91,26.12
0984,0.6419,0.94,32,27,0.1852,6,10,5,0,1,27.42,22.43
0985,0.2463,0.89,14,13,0.0769,9,17,6,2,1,47.81,9.02
0986,0.5818,0.93,29,27,0.0741,6,12,3,3,0,30.03,19.81
0987,0.4918,1.0,26,26,0.0,9,15,6,3,0,37.48,15.39
0988,0.1186,0.75,7,7,0.0,6,14,3,2,1,55.12,3.88
0989,0.4011,0.92,19,19,0.0,8,12,7,0,1,31.04,16.33
0990,0.3842,1.0,21,21,0.0,6,14,3,2,1,34.1,20.55
0991,0.3233,1.0,18,18,0.0,7,17,3,3,1,41.93,13.74
0992,0.2643,1.0,14,14,0.0,10,18,6,4,0,44.31,8.66
0993,0.8432,1.0,38,35,0.0857,6,6,6,0,0,15.64,29.43
0994,0.4272,1.0,19,19,0.0,7,11,5,2,0,28.31,16.17
0995,0.3,1.0,14,13,0.0769,6,16,2,3,1,37.41,9.26
0996,0.4189,1.0,22,20,0.1,7,11,6,0,1,38.98,13.54
0997,0.4809,1.0,25,22,0.0909,8,14,6,1,1,38.31,13.67
0998,0.5797,1.0,28,26,0.0769,6,10,5,0,1,31.11,17.19
0999,0.4469,1.0,23,22,0.0455,8,14,5,3,0,35.82,15.64
1000,0.3327,1.0,18,16,0.125,7,15,5,0,2,40.73,13.37
1001,0.6081,1.0,31,30,0.0333,5,9,3,2,0,27.66,23.32
1002,0.2732,1.0,14,14,0.0,7,17,3,3,1,41.35,9.9
1003,0.5662,0.94,27,25,0.08,5,9,4,0,1,27.66,20.02
1004,0.253,0.86,12,11,0.0909,4,12,1,2,1,41.95,5.48
1005,0.4121,0.92,21,17,0.2353,7,13,4,3,0,34.85,16.11
1006,0.1958,1.0,10,10,0.0,5,11,3,1,1,46.14,4.94
1007,0.8968,1.0,40,28,0.25,7,7,7,0,0,17.75,26.85
1008,0.3092,1.0,15,15,0.0,3,11,1,0,2,37.68,10.83
1009,0.3792,0.9,19,19,0.0,6,12,3,3,0,34.43,15.67
1010,0.3444,1.0,20,19,0.0526,9,15,7,1,1,42.19,15.89
1011,0.2321,0.89,13,13,0.0,8,18,3,5,0,48.2,7.8
1012,0.2486,1.0,12,11,0.0909,7,15,5,0,2,41.19,7.08
1013,0.5296,1.0,26,25,0.04,5,9,3,2,0,26.83,22.27
1014,0.572,0.93,29,26,0.1154,8,10,7,1,0,30.15,20.55
1015,0.4545,0.93,24,22,0.0455,6,14,3,2,1,40.23,12.58
1016,0.3145,0.89,17,16,0.0625,7,15,4,2,1,42.05,12.01
1017,0.4121,0.91,21,21,0.0,6,14,3,2,1,37.84,13.13
1018,0.8121,1.0,33,31,0.0645,2,2,2,0,0,4.61,36.02
